name,company,year,Price,kms_driven,fuel_type
Hyundai0Santro0Xing0XO0eRLX0Euro0III,Hyundai,2007,"80,000","45,0000kms",Petrol
Mahindra0Jeep0CL5500MDI,Mahindra,2006,"4,25,000",400kms,Diesel
Maruti0Suzuki0Alto08000Vxi,Maruti,2018,Ask0For0Price,"22,0000kms",Petrol
Hyundai0Grand0i100Magna01.20Kappa0VTVT,Hyundai,2014,"3,25,000","28,0000kms",Petrol
Ford0EcoSport0Titanium01.5L0TDCi,Ford,2014,"5,75,000","36,0000kms",Diesel
Ford0EcoSport0Titanium01.5L0TDCi,Ford,2015,Ask0For0Price,"59,0000kms",Diesel
Ford0Figo,Ford,2012,"1,75,000","41,0000kms",Diesel
Hyundai0Eon,Hyundai,2013,"1,90,000","25,0000kms",Petrol
Ford0EcoSport0Ambiente01.5L0TDCi,Ford,2016,"8,30,000","24,5300kms",Diesel
Maruti0Suzuki0Alto0K100VXi0AMT,Maruti,2015,"2,50,000","60,0000kms",Petrol
Skoda0Fabia0Classic01.20MPI,Skoda,2010,"1,82,000","60,0000kms",Petrol
Maruti0Suzuki0Stingray0VXi,Maruti,2015,"3,15,000","30,0000kms",Petrol
Hyundai0Elite0i200Magna01.2,Hyundai,2014,"4,15,000","32,0000kms",Petrol
Mahindra0Scorpio0SLE0BS0IV,Mahindra,2015,"3,20,000","48,6600kms",Diesel
Hyundai0Santro0Xing0XO0eRLX0Euro0III,Hyundai,2007,"80,000","45,0000kms",Petrol
Mahindra0Jeep0CL5500MDI,Mahindra,2006,"4,25,000",400kms,Diesel
Audi0A8,Audi,2017,"10,00,000","4,0000kms",Petrol
Audi0Q7,Audi,2014,"5,00,000","16,9340kms",Diesel
Mahindra0Scorpio0S10,Mahindra,2016,"3,50,000","43,0000kms",Diesel
Maruti0Suzuki0Alto0800,Maruti,2014,"1,60,000","35,5500kms",Petrol
Mahindra0Scorpio0S10,Mahindra,2016,"3,50,000","43,0000kms",Diesel
Mahindra0Scorpio0S10,Mahindra,2016,"3,10,000","39,5220kms",Diesel
Maruti0Suzuki0Alto08000Vxi,Maruti,2015,"75,000","39,0000kms",Petrol
Hyundai0i200Sportz01.2,Hyundai,2012,"1,00,000","55,0000kms",Petrol
Hyundai0i200Sportz01.2,Hyundai,2012,"1,00,000","55,0000kms",Petrol
Hyundai0i200Sportz01.2,Hyundai,2012,"1,00,000","55,0000kms",Petrol
Maruti0Suzuki0Alto08000Lx,Maruti,2017,"1,90,000","72,0000kms",Petrol
Maruti0Suzuki0Vitara0Brezza0ZDi,Maruti,2016,"2,90,000","15,9750kms",Diesel
Maruti0Suzuki0Alto0LX,Maruti,2008,"95,000","70,0000kms",Petrol
Mahindra0Bolero0DI,Mahindra,2017,"1,80,000","23,4520kms",Diesel
Maruti0Suzuki0Swift0Dzire0ZDi,Maruti,2014,"3,85,000","35,5220kms",Diesel
Mahindra0Scorpio0S1004WD,Mahindra,2015,"2,50,000","48,5080kms",Diesel
Maruti0Suzuki0Swift0Vdi0BSIII,Maruti,2017,"1,80,000","15,4870kms",Petrol
Maruti0Suzuki0Wagon0R0VXi0BS0III,Maruti,2013,"1,05,000","39,0000kms",Petrol
Maruti0Suzuki0Wagon0R0VXi0Minor,Maruti,2013,"1,05,000","39,0000kms",Petrol
Toyota0Innova02.00G080STR0BS0IV,Toyota,2012,"6,50,000","82,0000kms",Diesel
Renault0Lodgy0850PS0RXL,Renault,2018,"6,89,999","20,0000kms",Diesel
Skoda0Yeti0Ambition02.00TDI0CR04x2,Skoda,2012,"4,48,000","68,0000kms",Diesel
Maruti0Suzuki0Baleno0Delta01.2,Maruti,2017,"5,49,000","32,0000kms",Diesel
Renault0Duster01100PS0RxZ0Diesel0Plus,Renault,2012,"5,01,000","38,0000kms",Diesel
Renault0Duster0850PS0RxE0Diesel,Renault,2013,"4,89,999","27,0000kms",Diesel
Honda0City01.50S0MT,Honda,2011,"2,80,000","33,0000kms",Petrol
Maruti0Suzuki0Alto0K100VXi0AMT,Maruti,2015,"2,50,000","60,0000kms",Petrol
Maruti0Suzuki0Dzire,Maruti,2013,"3,49,999","46,0000kms",Diesel
Honda0Amaze,Honda,2013,"2,84,999","46,0000kms",Diesel
Honda0Amaze01.50SX0i0DTEC,Honda,2015,"3,45,000","36,0000kms",Diesel
Honda0City,Honda,2015,"4,99,999","55,0000kms",Petrol
Datsun0Redi0GO0S,Datsun,2017,"2,35,000","16,0000kms",Petrol
Maruti0Suzuki0SX40ZXI0MT,Maruti,2010,"2,49,999","36,0000kms",Petrol
Mitsubishi0Pajero0Sport0Limited0Edition,Mitsubishi,2015,"14,75,000","47,0000kms",Diesel
Mahindra0Bolero0DI,Mahindra,2017,"1,80,000","23,4520kms",Diesel
Maruti0Suzuki0Swift0Dzire0ZDi,Maruti,2014,"3,85,000","35,5220kms",Diesel
Mahindra0Scorpio0S1004WD,Mahindra,2015,"2,50,000","48,5080kms",Diesel
Maruti0Suzuki0Swift0Vdi0BSIII,Maruti,2017,"1,80,000","15,4870kms",Petrol
Maruti0Suzuki0Wagon0R0VXi0BS0III,Maruti,2013,"1,05,000","39,0000kms",Petrol
Maruti0Suzuki0Wagon0R0VXi0Minor,Maruti,2013,"1,05,000","39,0000kms",Petrol
Mahindra0Scorpio0S10,Mahindra,2015,"3,95,000","35,0000kms",Diesel
Maruti0Suzuki0Swift0VXi01.20ABS0BS0IV,Maruti,2017,"2,20,000","30,8740kms",Petrol
Honda0City0ZX0CVT,Honda,2017,"1,70,000","15,0000kms",Diesel
Maruti0Suzuki0Wagon0R0LX0BS0IV,Maruti,2013,"85,000","29,6850kms",Petrol
Ford0Figo,Ford,2012,"1,75,000","41,0000kms",Diesel
Hyundai0Eon,Hyundai,2013,"1,90,000","25,0000kms",Petrol
Tata0Indigo0eCS0LS0CR40BS0IV,Tata,2017,"2,00,000","1,30,0000kms",Diesel
Ford0EcoSport0Ambiente01.5L0TDCi,Ford,2016,"8,30,000","24,5300kms",Diesel
Tata0Indigo0eCS0LS0CR40BS0IV,Tata,2017,"2,00,000","1,30,0000kms",Diesel
Mahindra0Scorpio0SLE0BS0IV,Mahindra,2012,"5,70,000","19,0000kms",Diesel
Volkswagen0Polo0Highline0Exquisite0P,Volkswagen,2014,"3,15,000","60,0000kms",Petrol
Skoda0Fabia0Classic01.20MPI,Skoda,2010,"1,82,000","60,0000kms",Petrol
Maruti0Suzuki0Stingray0VXi,Maruti,2015,"3,15,000","30,0000kms",Petrol
I0want0to0sell0my0car0Tata0Zest,I,2017,Ask0For0Price,,
Chevrolet0Spark0LS01.0,Chevrolet,2010,"1,10,000","41,0000kms",Petrol
Renault0Duster0110PS0Diesel0RxZ,Renault,2012,"5,01,000","35,0000kms",Diesel
Honda0City,Honda,2015,"4,48,999","54,0000kms",Petrol
Mini0Cooper0S01.6,Mini,2013,"18,91,111","13,0000kms",Petrol
Datsun0Redi0GO0S,Datsun,2017,"2,35,000","16,0000kms",Petrol
Skoda0Fabia01.2L0Diesel0Ambiente,Skoda,2011,"1,59,500","38,2000kms",Diesel
Honda0Amaze,Honda,2015,"3,44,999","22,0000kms",Petrol
Honda0Amaze,Honda,2015,"3,44,999","22,0000kms",Petrol
Renault0Duster,Renault,2014,"4,49,999","50,0000kms",Diesel
Mini0Cooper0S01.6,Mini,2013,"18,91,111","13,5000kms",Petrol
Mahindra0Scorpio0S4,Mahindra,2015,"8,65,000","30,0000kms",Diesel
Mahindra0Scorpio0VLX02WD0BS0IV,Mahindra,2014,"6,99,000","50,0000kms",Diesel
Mahindra0Quanto0C8,Mahindra,2013,"3,75,000","20,0000kms",Diesel
Ford0EcoSport,Ford,2017,"4,89,999","39,0000kms",Petrol
Honda0Brio,Honda,2012,"2,24,999","30,0000kms",Petrol
I0want0to0sell0my0car0Tata0Zest,I,2017,Ask0For0Price,,
Volkswagen0Vento0Highline0Plus01.50Diesel0AT,Volkswagen,2019,"12,00,000","3,6000kms",Diesel
Hyundai0i200Magna,Hyundai,2009,"1,95,000","32,0000kms",Petrol
Toyota0Corolla0Altis0Diesel0D4DG,Toyota,2010,"3,51,000","38,0000kms",Diesel
Hyundai0Verna0Transform0SX0VTVT,Hyundai,2008,"1,60,000","45,0000kms",Petrol
Toyota0Corolla0Altis0Petrol0Ltd,Toyota,2009,"2,40,000","35,0000kms",Petrol
Honda0City01.50EXi0New,Honda,2005,"90,000","50,0000kms",Petrol
Hyundai0Elite0i200Magna01.2,Hyundai,2014,"4,15,000","32,0000kms",Petrol
Skoda0Fabia01.2L0Diesel0Elegance,Skoda,2011,"1,55,000","45,8630kms",Diesel
BMW030Series0320i,BMW,2011,"6,00,000","60,5000kms",Petrol
Maruti0Suzuki0A0Star0Lxi,Maruti,2011,"1,89,500","12,5000kms",Petrol
Toyota0Etios0GD,Toyota,2013,"3,50,000","60,0000kms",Diesel
Ford0Figo0Diesel0EXI0Option,Ford,2012,"2,10,000","35,0000kms",Diesel
Maruti0Suzuki0Swift0Dzire0VXi01.20BS0IV,Maruti,2014,"3,90,000","35,0000kms",Petrol
Chevrolet0Beat0LT0Diesel,Chevrolet,2012,"1,35,000","45,0000kms",Diesel
BMW070Series0740Li0Sedan,BMW,2009,"16,00,000","35,0000kms",Petrol
Mahindra0XUV5000W80AWD02013,Mahindra,2013,"7,01,000","38,0000kms",Diesel
Hyundai0i100Magna01.2,Hyundai,2014,"2,65,000","18,0000kms",Petrol
Hyundai0Verna0Fluidic0New,Hyundai,2015,"5,25,000","35,0000kms",Diesel
Maruti0Suzuki0Swift0VXi01.20BS0IV,Maruti,2013,"3,72,000","13,3490kms",Petrol
Maruti0Suzuki0Ertiga0ZXI0Plus,Maruti,2016,"6,35,000","29,0000kms",Petrol
Ford0EcoSport0Titanium01.5L0TDCi,Ford,2014,"5,50,000","44,0000kms",Diesel
Maruti0Suzuki0Ertiga0Vxi,Maruti,2016,"5,75,000","29,0000kms",Petrol
Maruti0Suzuki0Ertiga0VDi,Maruti,2013,"4,85,000","42,0000kms",Diesel
Maruti0Suzuki0Alto0LXi0BS0III,Maruti,2012,"1,55,000","14,0000kms",Petrol
Hyundai0Grand0i100Asta01.10CRDi,Hyundai,2014,"3,45,000","49,0000kms",Diesel
Honda0Amaze01.20S0i0VTEC,Honda,2014,"3,25,000","42,0000kms",Petrol
Hyundai0i200Asta01.40CRDI060Speed,Hyundai,2012,"3,29,500","36,2000kms",Diesel
Ford0Figo0Diesel0EXI,Ford,2014,"1,95,000","50,0000kms",Diesel
Maruti0Suzuki0Eeco050STR0WITH0AC0HTR,Maruti,2015,"2,51,111","55,0000kms",Petrol
Maruti0Suzuki0Ertiga0ZXi,Maruti,2014,"5,69,999","45,0000kms",Petrol
Maruti0Suzuki0Esteem0LXi0BS0III,Maruti,2007,"69,999","51,0000kms",Petrol
Maruti0Suzuki0Ritz0VXI,Maruti,2014,"2,99,999","19,0000kms",Petrol
Maruti0Suzuki0Dzire,Maruti,2009,"2,20,000","46,0000kms",Petrol
Maruti0Suzuki0Ritz0LDi,Maruti,2013,"3,99,999","33,0000kms",Diesel
Maruti0Suzuki0Swift0VXi01.20BS0IV,Maruti,2013,"3,72,000","13,3490kms",Petrol
Maruti0Suzuki0Dzire0VDI,Maruti,2015,"4,50,000","1,04,0000kms",Diesel
Toyota0Etios0Liva0G,Toyota,2014,"2,70,000","55,0000kms",Petrol
Hyundai0i200Sportz01.40CRDI,Hyundai,2011,"3,50,000","33,3330kms",Diesel
Chevrolet0Spark,Chevrolet,2012,"1,58,400","33,6000kms",Petrol
Maruti0Suzuki0Alto0K100VXi0AMT,Maruti,2017,"3,50,000","5,6000kms",Petrol
Nissan0Micra0XV,Nissan,2011,"1,79,000","41,0000kms",Petrol
Maruti0Suzuki0Swift,Maruti,2007,"1,25,000","70,0000kms",Petrol
Maruti0Suzuki0Alto0800,Maruti,2018,"2,00,000","7,5000kms",Petrol
Honda0Amaze01.50S0i0DTEC,Honda,2013,"2,99,000","45,0000kms",Diesel
Maruti0Suzuki0Alto08000Vxi,Maruti,2015,"2,20,000","38,0000kms",Petrol
Chevrolet0Beat,Chevrolet,2015,"1,50,000","30,0000kms",Petrol
Toyota0Corolla,Toyota,2009,"2,75,000","26,0000kms",
Honda0City01.50V0MT,Honda,2010,"2,85,000","35,0000kms",Petrol
Ford0EcoSport0Trend01.5L0TDCi,Ford,2016,"8,30,000","24,3300kms",Diesel
Hyundai0i200Asta01.2,Hyundai,2009,"2,10,000","65,4800kms",Petrol
Maruti0Suzuki0Swift0Dzire0VXi01.20BS0IV,Maruti,2013,"3,40,000","41,0000kms",Petrol
Tata0Indica0V20eLS,Tata,2006,"90,000","20,0000kms",Petrol
Maruti0Suzuki0Alto08000Lxi,Maruti,2018,Ask0For0Price,"28,0280kms",Petrol
Hindustan0Motors0Ambassador,Hindustan,2000,"70,000","2,00,0000kms",Diesel
Toyota0Corolla0Altis01.80GL,Toyota,2010,"2,89,999","70,0000kms",Petrol
Toyota0Corolla0Altis01.80J,Toyota,2012,"3,49,999","59,0000kms",Petrol
Toyota0Innova02.50GX0BS0IV070STR,Toyota,2012,"8,49,999","99,0000kms",Diesel
Volkswagen0Jetta0Highline0TDI0AT,Volkswagen,2014,"7,49,999","46,0000kms",Diesel
Volkswagen0Polo0Comfortline01.2L0P,Volkswagen,2015,"3,99,999","2,8000kms",Petrol
Volkswagen0Polo,Volkswagen,2014,"2,74,999","32,0000kms",Petrol
Mahindra0Scorpio,Mahindra,2015,"9,84,999","22,0000kms",Diesel
Renault0Duster,Renault,2014,"4,49,999","50,0000kms",Diesel
Honda0Amaze,Honda,2015,"3,44,999","22,0000kms",Petrol
Nissan0Sunny,Nissan,2012,"2,24,999","45,0000kms",Petrol
Hyundai0Elite0i20,Hyundai,2018,"5,99,999","21,0000kms",Petrol
Renault0Kwid,Renault,2016,"2,44,999","11,0000kms",Petrol
Renault0Duster,Renault,2013,"3,99,999","41,0000kms",Diesel
Ford0EcoSport,Ford,2017,"4,89,999","39,0000kms",Petrol
Renault0Duster,Renault,2014,"4,74,999","50,0000kms",Diesel
Mahindra0Scorpio0VLX0Airbag,Mahindra,2011,"4,99,999","66,0000kms",Diesel
Maruti0Suzuki0Alto08000Lxi,Maruti,2018,"3,10,000","3,0000kms",Petrol
Chevrolet0Spark0LT01.0,Chevrolet,2010,"85,000","45,0000kms",Petrol
Datsun0Redi0GO0T0O,Datsun,2016,"2,45,000","7,0000kms",Petrol
Maruti0Suzuki0Swift0RS0VDI,Maruti,2010,"1,89,500","38,5000kms",Diesel
Fiat0Punto0Emotion01.2,Fiat,2012,"1,69,500","37,2000kms",Diesel
Maruti0Suzuki0Swift0RS0VDI,Maruti,2010,"1,59,500","43,2000kms",Diesel
Toyota0Etios0GD,Toyota,2013,"2,75,000","24,8000kms",Petrol
Hyundai0i200Sportz01.40CRDI,Hyundai,2014,"3,70,000","60,0000kms",Diesel
Hyundai0i100Sportz01.2,Hyundai,2010,"1,68,000","45,8720kms",Petrol
Chevrolet0Beat0LT0Opt0Diesel,Chevrolet,2011,"1,50,000","40,0000kms",Diesel
Chevrolet0Beat0LS0Diesel,Chevrolet,2011,"1,45,000","45,0000kms",Diesel
Chevrolet0Beat0LT0Diesel,Chevrolet,2012,"98,500","38,0000kms",Diesel
Mahindra0Scorpio0VLX02WD0BS0IV,Mahindra,2014,"6,99,000","50,0000kms",Diesel
Tata0Indigo0CS,Tata,2011,"85,000","11,4000kms",Diesel
Toyota0Corolla0Altis01.80J,Toyota,2015,"5,75,000","42,0000kms",Petrol
Honda0City01.50V0MT,Honda,2014,"5,49,000","39,0000kms",Petrol
Maruti0Suzuki0Swift0VDi,Maruti,2011,"2,09,000","47,0000kms",Diesel
Hyundai0Eon0Era0Plus,Hyundai,2013,"1,85,000","27,0000kms",Petrol
Mahindra0Scorpio0S10,Mahindra,2015,"9,00,000","97,2000kms",Diesel
Mahindra0XUV500,Mahindra,2014,"6,99,999","52,0000kms",Diesel
Honda0Brio,Honda,2012,"2,24,999","30,0000kms",Petrol
Ford0Fiesta,Ford,2011,"2,74,999","55,0000kms",Diesel
Honda0Amaze,Honda,2013,"2,84,999","46,0000kms",Diesel
Honda0City,Honda,2015,"5,99,999","30,0000kms",Diesel
Maruti0Suzuki0Wagon0R,Maruti,2012,"1,99,999","44,0000kms",Petrol
Honda0City,Honda,2014,"5,44,999","45,0000kms",Diesel
Hyundai0i20,Hyundai,2009,"1,99,000","31,0000kms",Petrol
Tata0Indigo0eCS0LX0TDI0BS0III,Tata,2016,"3,20,000","1,75,4300kms",Diesel
Hyundai0Fluidic0Verna01.60CRDi0SX,Hyundai,2015,"5,40,000","38,0000kms",Diesel
"Commercial0,0DZire0LDI,02016,0for0sale",Commercial,Commercial,Ask0For0Price,,
Mahindra0Quanto0C8,Mahindra,2013,"3,40,000","37,0000kms",Diesel
Fiat0Petra0ELX01.20PS,Fiat,2008,"75,000","65,0000kms",Petrol
Skoda0Fabia01.2L0Diesel0Ambiente,Skoda,2011,"1,59,500","38,2000kms",Diesel
Mini0Cooper0S01.6,Mini,2013,"18,91,111","13,0000kms",Petrol
Hyundai0Santro0Xing0XS,Hyundai,2005,"49,000","7,5000kms",Petrol
Maruti0Suzuki0Ciaz0VXi0Plus,Maruti,2016,"7,00,000","3,3500kms",Petrol
Maruti0Suzuki0Zen0VX,Maruti,2000,"55,000","60,0000kms",Petrol
Honda0City,Honda,2015,"4,48,999","54,0000kms",Petrol
Hyundai0Creta01.60SX0Plus0Petrol,Hyundai,2017,"8,95,000","32,0000kms",Petrol
"Tata0indigo0ecs0LX,0201",Tata,2015,"1,50,000",,
Mahindra0Scorpio0SLX,Mahindra,2007,"3,55,000","75,0000kms",Diesel
Mahindra0Scorpio0SLE0BS0IV,Mahindra,2012,"5,65,000","62,0000kms",Diesel
Toyota0Innova02.50G0BS0III080STR,Toyota,2006,"3,65,000","73,0000kms",Diesel
Maruti0Suzuki0Alto0K100VXi0AMT,Maruti,2011,"1,45,000","41,0000kms",Petrol
Maruti0Suzuki0Wagon0R0LXI0BS0IV,Maruti,2011,"2,10,000","35,0000kms",Petrol
Tata0Nano0Cx0BSIV,Tata,2013,"40,000","2,2000kms",Petrol
Maruti0Suzuki0Alto0Std0BS0IV,Maruti,2013,"1,25,000","39,0000kms",Petrol
Maruti0Suzuki0Wagon0R0LXi0BS0III,Maruti,2009,"1,35,000","45,0000kms",Petrol
Maruti0Suzuki0Swift0VXI0BSIII,Maruti,2006,"1,35,000","45,0000kms",Petrol
Tata0Sumo0Victa0EX0100by070Str0BSIII,Tata,2012,"2,85,000","65,0000kms",Diesel
MARUTI0SUZUKI0DESI,MARUTI,TOUR,"4,00,000",,
Maruti0Suzuki0Wagon0R0LXi0BS0III,Maruti,2010,"1,45,000","54,8700kms",Petrol
Maruti0Suzuki0Alto0LXi0BS0III,Maruti,2010,"1,35,000","34,5800kms",Petrol
Volkswagen0Passat0Diesel0Comfortline0AT,Volkswagen,2009,"4,50,000","97,0000kms",Diesel
Renault0Scala0RxL0Diesel0Travelogue,Renault,2015,"3,75,000","25,0000kms",Diesel
Mahindra0Quanto0C8,Mahindra,2013,"3,75,000","20,0000kms",Diesel
Hyundai0Grand0i100Sportz0O01.20Kappa0VTVT,Hyundai,2014,"3,65,000","20,0000kms",Petrol
Hyundai0i200Active01.20SX,Hyundai,2015,"5,00,000","18,0000kms",Petrol
Mahindra0Xylo0E4,Mahindra,2012,"4,00,000","35,0000kms",Diesel
Mahindra0Jeep0MM05500XDB,Mahindra,2019,"3,90,000",600kms,Diesel
Renault0Duster0110PS0Diesel0RxZ,Renault,2012,"5,01,000","35,0000kms",Diesel
Mahindra0Bolero0SLE0BS0IV,Mahindra,2013,"3,30,000","80,2000kms",Diesel
Force0Motors0Force0One0LX0ABS070STR,Force,2015,"5,80,000","3,2000kms",Diesel
Maruti0Suzuki0SX4,Maruti,2012,"2,65,000","46,0000kms",Diesel
Mahindra0Jeep0CL5500MDI,Mahindra,2019,"3,79,000","0,0000kms",Diesel
Maruti0Suzuki0Alto0800,Maruti,2015,"2,19,000","5,0000kms",Petrol
Mahindra0Jeep0CL5500MDI,Mahindra,2018,"3,85,000",5880kms,Diesel
Toyota0Etios,Toyota,2011,"2,75,000","36,0000kms",Diesel
Volkswagen0Polo,Volkswagen,2015,"3,30,000","38,0000kms",Diesel
Honda0City0ZX0VTEC,Honda,2008,"1,10,000","45,0000kms",Petrol
Maruti0Suzuki0Wagon0R0LX0BS0III,Maruti,2006,"80,000","71,2000kms",Petrol
Honda0City0VX0O0MT0Diesel,Honda,2016,"5,19,000","52,0000kms",Diesel
Mahindra0Thar0CRDe04x40AC,Mahindra,2016,"7,30,000","29,0000kms",Diesel
Mitsubishi0Pajero0Sport0Limited0Edition,Mitsubishi,2015,"14,75,000","47,0000kms",Diesel
Audi0A401.80TFSI0Multitronic0Premium0Plus,Audi,2009,"6,99,000","47,0000kms",Petrol
Mercedes0Benz0GLA0Class02000CDI0Sport,Mercedes,2015,"20,00,000","20,0000kms",Diesel
Land0Rover0Freelander020SE,Land,2015,"21,00,000","30,0000kms",Diesel
Renault0Kwid0RXT,Renault,2017,"3,40,000","5,0000kms",Petrol
Tata0Aria0Pleasure04X2,Tata,2014,"3,90,000","35,0000kms",Diesel
Mercedes0Benz0B0Class0B1800Sports,Mercedes,2014,"14,00,000","31,0000kms",Petrol
Datsun0GO0T0O,Datsun,2016,"2,45,000","7,0000kms",Petrol
Tata0Indigo0eCS0LX0TDI0BS0III,Tata,2016,"3,20,000","1,75,4300kms",Diesel
Tata0Indigo0eCS0LX0TDI0BS0III,Tata,2016,"3,20,000","1,75,4000kms",Diesel
Honda0Jazz0VX0MT,Honda,2016,"4,50,000","41,0000kms",Petrol
Honda0Amaze01.20S0i0VTEC,Honda,2014,"3,11,000","33,0000kms",Petrol
Honda0Amaze,Honda,2013,"2,84,999","46,0000kms",Diesel
Honda0City,Honda,2012,"3,99,999","45,0000kms",Petrol
Honda0City,Honda,2015,"5,99,999","39,0000kms",Diesel
Honda0Amaze,Honda,2015,"3,44,999","22,0000kms",Petrol
Audi0A401.80TFSI0Multitronic0Premium0Plus,Audi,2009,"6,99,000","47,0000kms",Petrol
Force0Motors0Force0One0LX0ABS070STR,Force,2015,"5,80,000","3,2000kms",Diesel
Mahindra0Scorpio0S4,Mahindra,2015,"8,55,000","30,0000kms",Diesel
Hyundai0i200Active01.4L0SX0O,Hyundai,2015,"5,35,000","37,0000kms",Diesel
Mini0Cooper0S,Mini,2013,"18,91,111","13,0000kms",Petrol
Maruti0Suzuki0Ciaz0ZXI0Plus,Maruti,2017,"6,99,000","14,0000kms",Petrol
Chevrolet0Tavera0Neo,Chevrolet,2013,"3,75,000","55,0000kms",Diesel
Honda0Amaze,Honda,2013,"2,84,999","46,0000kms",Diesel
Hyundai0Eon0Sportz,Hyundai,2012,"1,78,000","30,0000kms",Petrol
Tata0Sumo0Gold0Select0Variant,Tata,2013,"3,00,000","50,0000kms",Diesel
Maruti0Suzuki0Wagon0R01.0,Maruti,2003,"90,000","45,0000kms",Petrol
Maruti0Suzuki0Esteem0VXi0BS0III,Maruti,2006,"95,000","45,0000kms",Petrol
Maruti0Suzuki0Eeco050STR0WITH0AC0HTR,Maruti,2015,"2,55,000","9,3000kms",Petrol
Chevrolet0Enjoy01.40LS080STR,Chevrolet,2013,"2,45,000","55,0000kms",Diesel
Hyundai0i200Asta01.40CRDI060Speed,Hyundai,2012,"3,29,500","36,2000kms",Diesel
Ford0Figo0Diesel0EXI,Ford,2014,"1,95,000","50,0000kms",Diesel
Maruti0Suzuki0Eeco050STR0WITH0AC0HTR,Maruti,2015,"2,51,111","55,0000kms",Petrol
Maruti0Suzuki0Ertiga0ZXi,Maruti,2014,"5,69,999","45,0000kms",Petrol
Maruti0Suzuki0Esteem0LXi0BS0III,Maruti,2007,"69,999","51,0000kms",Petrol
Maruti0Suzuki0Ritz0VXI,Maruti,2014,"2,99,999","19,0000kms",Petrol
Maruti0Suzuki0Dzire,Maruti,2009,"2,20,000","46,0000kms",Petrol
Maruti0Suzuki0Ritz0LDi,Maruti,2013,"3,99,999","33,0000kms",Diesel
Maruti0Suzuki0SX40ZXI0MT,Maruti,2010,"2,49,999","36,0000kms",Petrol
Maruti0Suzuki0Wagon0R01.00VXi,Maruti,2015,"2,89,999","22,0000kms",Petrol
Mini0Cooper0S01.6,Mini,2013,"18,91,111","13,5000kms",Petrol
Nissan0Terrano0XL0D0Plus,Nissan,2015,"4,99,999","60,0000kms",Diesel
Renault0Duster0850PS0RxE0Diesel,Renault,2013,"4,89,999","27,0000kms",Diesel
Renault0Duster0850PS0RxE0Diesel,Renault,2014,"4,89,999","59,0000kms",Diesel
Renault0Duster0850PS0RxL0Diesel,Renault,2015,"5,49,999","19,0000kms",Diesel
Maruti0Suzuki0Dzire0ZXI,Maruti,2013,"3,80,000","30,0000kms",Petrol
Renault0Kwid0RXT0Opt,Renault,2018,"3,25,000","15,0000kms",Petrol
Maruti0Suzuki0Maruti08000Std,Maruti,2003,"57,000","56,7580kms",Petrol
Renault0Kwid01.00RXT0AMT,Renault,2018,"3,49,999","10,0000kms",Petrol
Renault0Lodgy0850PS0RXL,Renault,2018,"6,89,999","20,0000kms",Diesel
Renault0Scala0RxL0Diesel,Renault,2014,"3,49,999","49,0000kms",Diesel
Hyundai0Grand0i100Asta01.20Kappa0VTVT0O,Hyundai,2014,"4,10,000","41,0000kms",Petrol
Maruti0Suzuki0Swift0Dzire0VXi01.20BS0IV,Maruti,2011,"2,25,000","45,0000kms",Petrol
Chevrolet0Beat0LS0Petrol,Chevrolet,2010,"1,20,000","43,0000kms",Petrol
Tata0Indigo0eCS0LX0TDI0BS0III,Tata,2016,"3,20,000","1,75,4300kms",Diesel
Hyundai0Santro0Xing0XO0eRLX0Euro0III,Hyundai,2000,"59,000","56,4500kms",Petrol
Hyundai0Fluidic0Verna01.60CRDi0SX,Hyundai,2015,"5,40,000","38,0000kms",Diesel
"Commercial0,0DZire0LDI,02016,0for0sale",Commercial,...,Ask0For0Price,,
Chevrolet0Beat0LS0Petrol,Chevrolet,2010,"80,000","56,0000kms",Petrol
Mahindra0Quanto0C8,Mahindra,2013,"3,40,000","37,0000kms",Diesel
Fiat0Petra0ELX01.20PS,Fiat,2008,"75,000","65,0000kms",Petrol
Chevrolet0Beat0LS0Petrol,Chevrolet,2015,"2,20,000","32,7000kms",Petrol
Skoda0Fabia01.2L0Diesel0Ambiente,Skoda,2011,"1,59,500","38,2000kms",Diesel
Ford0EcoSport0Titanium01.5L0TDCi,Ford,2016,"5,99,000","30,0000kms",Diesel
Hyundai0Accent0GLX,Hyundai,2006,"80,000","56,0000kms",Petrol
Yama,Yamaha,r015,"55,000",,
Maruti0Suzuki0Swift0LDi,Maruti,2010,Ask0For0Price,"52,0000kms",Diesel
Mahindra0TUV3000T40Plus,Mahindra,2016,"6,75,000","9,0000kms",Diesel
Mini0Cooper0S01.6,Mini,2013,"18,91,111","13,0000kms",Petrol
Mini0Cooper0S01.6,Mini,2013,"18,91,111","13,0000kms",Petrol
Tata0Indica0V20Xeta0e0GLE,Tata,2008,"1,50,000","11,0000kms",Petrol
Mini0Cooper0S,Mini,2013,"18,91,111","13,0000kms",Petrol
Tata0Indigo0CS0LS0DiCOR,Tata,2009,"72,500","46,0000kms",Diesel
Maruti0Suzuki0Swift0VXi01.20ABS0BS0IV,Maruti,2019,"6,10,000",730kms,Petrol
Mahindra0Scorpio0VLX0Special0Edition0BS0III,Mahindra,2004,"2,30,000","1,60,0000kms",Diesel
Tata0Indica0eV20LS,Tata,2017,Ask0For0Price,"84,0000kms",Diesel
Honda0Accord,Honda,2009,"1,75,000","58,5590kms",Petrol
Mahindra0Scorpio0S4,Mahindra,2015,"8,55,000","30,0000kms",Diesel
Chevrolet0Tavera0Neo,Chevrolet,2013,"3,75,000","55,0000kms",Diesel
Ford0EcoSport0Titanium01.50TDCi,Ford,2014,"5,20,000","57,0000kms",Diesel
Maruti0Suzuki0Ertiga,Maruti,2015,"5,24,999","50,0000kms",Diesel
Honda0Amaze,Honda,2014,"2,99,999","37,0000kms",Petrol
Maruti0Suzuki0Dzire,Maruti,2012,"2,99,999","40,0000kms",Petrol
Honda0City,Honda,2011,"2,84,999","55,0000kms",Petrol
Mahindra0Scorpio02.60CRDe,Mahindra,2007,"2,20,000","1,70,0000kms",Diesel
Maruti0Suzuki0Dzire,Maruti,2014,"4,24,999","55,0000kms",Diesel
Honda0City,Honda,2015,"6,44,999","39,0000kms",Petrol
Honda0Mobilio,Honda,2014,"3,99,999","44,0000kms",Petrol
Toyota0Corolla0Altis,Toyota,2009,"1,99,999","65,0000kms",Petrol
Honda0City,Honda,2014,"5,84,999","39,0000kms",Petrol
Skoda0Laura,Skoda,2012,"3,49,999","44,0000kms",Diesel
Renault0Duster,Renault,2015,"4,49,999","49,0000kms",Diesel
Maruti0Suzuki0Ertiga,Maruti,2018,"7,99,999","9,0000kms",Diesel
Maruti0Suzuki0Dzire,Maruti,2015,"4,44,999","45,0000kms",Diesel
Mahindra0XUV500,Mahindra,2014,"6,49,999","47,0000kms",Diesel
Hyundai0Verna0Fluidic,Hyundai,2012,"4,44,999","40,0000kms",Diesel
Maruti0Suzuki0Vitara0Brezza,Maruti,2016,"6,89,999","29,0000kms",Diesel
Maruti0Suzuki0Wagon0R,Maruti,2016,"3,44,999","15,0000kms",Petrol
Mahindra0Scorpio,Mahindra,2015,"9,44,999","45,0000kms",Diesel
Honda0Amaze,Honda,2014,"2,74,999","35,0000kms",Petrol
Mahindra0XUV500,Mahindra,2013,"6,89,999","80,0000kms",Diesel
Mahindra0Scorpio,Mahindra,2013,"5,74,999","68,0000kms",Diesel
Skoda0Laura,Skoda,2013,"3,74,999","50,0000kms",Diesel
Volkswagen0Polo,Volkswagen,2010,"1,99,999","60,0000kms",Diesel
Hyundai0Elite0i20,Hyundai,2016,"5,49,999","9,0000kms",Petrol
Tata0Manza0Aura0Quadrajet,Tata,2012,"1,30,000","72,0000kms",Diesel
Chevrolet0Sail0UVA0Petrol0LT0ABS,Chevrolet,2013,"2,10,000","60,0000kms",Petrol
Renault0Duster01100PS0RxZ0Diesel0Plus,Renault,2012,"5,01,000","38,0000kms",Diesel
Hyundai0Verna0Fluidic01.60VTVT0SX,Hyundai,2013,"4,01,000","45,0000kms",Diesel
Audi0A402.00TDI0177bhp0Premium,Audi,2012,"13,50,000","40,0000kms",Diesel
Hyundai0Elantra0SX,Hyundai,2013,"6,00,000","20,0000kms",Petrol
Mahindra0Scorpio0VLX04WD0Airbag,Mahindra,2013,"6,10,000","35,0000kms",Diesel
Mahindra0KUV1000K80D060STR,Mahindra,2016,"4,00,000","20,0000kms",Diesel
Renault0Scala0RxL0Diesel0Travelogue,Renault,2015,"3,75,000","25,0000kms",Diesel
Mahindra0Quanto0C8,Mahindra,2013,"3,75,000","20,0000kms",Diesel
Hyundai0Grand0i100Sportz0O01.20Kappa0VTVT,Hyundai,2014,"3,65,000","20,0000kms",Petrol
Hyundai0i200Active01.20SX,Hyundai,2015,"5,00,000","18,0000kms",Petrol
Mahindra0Xylo0E4,Mahindra,2012,"4,00,000","35,0000kms",Diesel
Hyundai0Grand0i10,Hyundai,2017,"5,24,999","6,8210kms",Petrol
Hyundai0i20,Hyundai,2014,"4,49,999","23,0000kms",Petrol
Hyundai0Eon,Hyundai,2014,"1,74,999","14,0000kms",Petrol
Hyundai0i10,Hyundai,2012,"2,44,999","38,0000kms",Petrol
Hyundai0i200Active,Hyundai,2015,"5,74,999","35,0000kms",Diesel
Datsun0Redi0GO,Datsun,2017,"2,44,999","22,0000kms",Petrol
Toyota0Etios0Liva,Toyota,2011,"2,39,999","41,0000kms",Petrol
Hyundai0Accent,Hyundai,2010,"99,999","45,0000kms",Petrol
Hyundai0Verna,Hyundai,2014,"4,89,999","44,0000kms",Diesel
Maruti0Suzuki0Swift,Maruti,2013,"3,24,999","45,0000kms",Diesel
Toyota0Fortuner,Toyota,2011,"10,74,999","52,0000kms",Diesel
Hyundai0i100Sportz,Hyundai,2012,"2,30,000","34,0000kms",Petrol
Mahindra0Bolero0Power0Plus0SLE,Mahindra,2018,"6,99,000","1,8000kms",Diesel
selling0car0Ta,selling,Zest,Ask0For0Price,,
Mahindra0XUV500,Mahindra,2015,"10,00,000","15,0000kms",Diesel
Honda0City01.50V0MT0Exclusive,Honda,2010,"2,40,000","4,00,0000kms",Petrol
Chevrolet0Spark0LT01.00Airbag,Chevrolet,2009,"1,10,000","44,0000kms",Petrol
Mahindra0Jeep0MM05500XDB,Mahindra,2019,"3,90,000",600kms,Diesel
Renault0Duster0110PS0Diesel0RxZ,Renault,2012,"5,01,000","35,0000kms",Diesel
Mahindra0XUV500,Mahindra,2016,"11,30,000","72,0000kms",Diesel
Tata0Indigo0eCS0VX0CR40BS0IV,Tata,2014,"2,50,000","40,0000kms",Diesel
Tata0Zest090,Tata,/-Rs,Ask0For0Price,,
Mahindra0Bolero0SLE0BS0IV,Mahindra,2013,"3,30,000","80,2000kms",Diesel
Force0Motors0Force0One0LX0ABS070STR,Force,2015,"5,80,000","3,2000kms",Diesel
Skoda0Rapid0Elegance01.60TDI0CR0MT,Skoda,2013,"3,40,000","48,0000kms",Diesel
Tata0Vista0Quadrajet0VX,Tata,2011,"1,20,000","90,0000kms",Diesel
Maruti0Suzuki0Alto0K100VXi0AT,Maruti,2015,"2,65,000","12,0000kms",Petrol
Maruti0Suzuki0SX4,Maruti,2012,"2,65,000","46,0000kms",Diesel
Maruti0Suzuki0Zen0LXi0BS0III,Maruti,2003,"85,000","69,9000kms",Petrol
Mahindra0Jeep0CL5500MDI,Mahindra,2019,"3,79,000","0,0000kms",Diesel
Hyundai0i100Magna01.2,Hyundai,2011,"1,75,000","45,0000kms",Petrol
Maruti0Suzuki0Alto0800,Maruti,2015,"2,19,000","5,0000kms",Petrol
Maruti0Suzuki0Swift0Dzire0Tour0LDi,Maruti,2016,"3,50,000","1,66,0000kms",Diesel
Honda0City0ZX0EXi,Honda,2008,"1,49,000","42,0000kms",Petrol
Mahindra0Jeep0CL5500MDI,Mahindra,2018,"3,85,000",5880kms,Diesel
Mahindra0Jeep0MM05500XDB,Mahindra,2006,"4,25,000",1220kms,Diesel
Chevrolet0Beat0Diesel,Chevrolet,2017,"1,50,000","62,0000kms",Diesel
Honda0City01.50S0MT,Honda,2010,"2,25,000","70,0000kms",Petrol
Maruti0Suzuki0Swift0Dzire0car,Maruti,sale,"3,00,000",,
Hyundai0Verna01.40VTVT,Hyundai,2014,"3,75,000","36,0000kms",Petrol
Toyota0Innova02.50E0MS070STR0BS0IV,Toyota,2012,"7,70,000",00kms,Diesel
Maruti0Suzuki0Alto08000Lxi,Maruti,2018,Ask0For0Price,"24,0000kms",Petrol
Maruti0Suzuki0Maruti08000Std0â€“0Befo,Maruti,1995,"30,000","55,0000kms",Petrol
Toyota0Etios,Toyota,2011,"2,75,000","36,0000kms",Diesel
Volkswagen0Polo,Volkswagen,2015,"3,30,000","38,0000kms",Diesel
Maruti0Suzuki0Swift,Maruti,2014,"3,35,000","55,0000kms",Diesel
Hyundai0Elite0i200Asta01.40CRDI,Hyundai,2015,"4,50,000","20,0000kms",Diesel
Maruti0Suzuki0Swift0Dzire0VXi01.20BS0IV,Maruti,2012,"2,25,000","40,0000kms",Petrol
Maruti0Suzuki0Swift0Dzire0Tour0(Gat,Maruti,ara),"3,00,000",,
Maruti0Suzuki0Versa0DX2080SEATER0BSIII,Maruti,2004,"80,000","50,0000kms",Petrol
Tata0Indigo0LX0TDI0BS0III,Tata,2016,"1,30,000","1,04,0000kms",Diesel
Volkswagen0Vento0Konekt0Diesel0Highline,Volkswagen,2011,"2,45,000","65,0000kms",Diesel
Mercedes0Benz0C0Class02000CDI0Classic,Mercedes,2002,"3,99,000","41,0000kms",Petrol
Maruti0Suzuki0Ertiga0VDi,Maruti,2013,"4,50,000","90,0000kms",Diesel
URJE,URJENT,SELL,"1,80,000",,
Honda0City,Honda,2000,"65,000","80,0000kms",Petrol
Hyundai0Santro0Xing0GLS,Hyundai,2006,"75,000","46,0000kms",Petrol
Maruti0Suzuki0Omni0Limited0Edition,Maruti,2001,"70,000","70,0000kms",Petrol
Hyundai0Sonata0Transform02.40GDi0MT,Hyundai,2017,"1,90,000","36,4690kms",Diesel
Hyundai0Elite0i200Sportz01.2,Hyundai,2018,"6,00,000","7,8000kms",Petrol
Volkswagen0Vento0Konekt0Diesel0Highline,Volkswagen,2011,"2,45,000","65,0000kms",Diesel
Maruti0Suzuki0Alto08000Lxi,Maruti,2017,"2,40,000","60,0000kms",Petrol
Maruti0Suzuki0Alto0LXi0BS0III,Maruti,2011,"1,55,000","32,0000kms",Petrol
Honda0Jazz0S0MT,Honda,2009,"1,69,999","24,6950kms",Petrol
Hyundai0Grand0i100Sportz01.20Kappa0VTVT,Hyundai,2017,"4,50,000","15,1410kms",Petrol
Maruti0Suzuki0Zen0LXi0BSII,Maruti,2001,"40,000","40,0000kms",Petrol
Mahindra0Scorpio0W0Turbo02.6DX090Seater,Mahindra,2012,"1,65,000","65,0000kms",Diesel
Swift0Dzire0Tour0270Dec020160Regis,Swift,tion,"3,70,000",,
Maruti0Suzuki0Alto0K100VXi,Maruti,2014,"2,70,000","22,0000kms",Petrol
Hyundai0Grand0i100Asta01.20Kappa0VTVT,Hyundai,2016,"2,80,000","59,9100kms",Diesel
Mahindra0XUV5000W8,Mahindra,2012,"5,60,000","1,00,0000kms",Diesel
Hyundai0Creta01.60SX0Plus0Petrol,Hyundai,2016,"9,50,000","25,0000kms",Petrol
Hyundai0i200Magna0O01.2,Hyundai,2013,"3,10,000","35,0000kms",Petrol
Renault0Duster0850PS0RxL0Explore0LE,Renault,2015,"7,15,000","65,0000kms",Diesel
Hyundai0Grand0i100Sportz01.20Kappa0VTVT,Hyundai,2014,"3,40,000","35,0000kms",Petrol
Honda0Brio0V0MT,Honda,2012,"2,35,000","33,0000kms",Petrol
Mahindra0TUV3000T40Plus,Mahindra,2017,"6,10,000","68,0000kms",Diesel
Chevrolet0Spark0LS01.0,Chevrolet,2010,"95,000","23,0000kms",Petrol
Mahindra0TUV3000T8,Mahindra,2018,"10,00,000","4,5000kms",Diesel
Maruti0Suzuki0Swift0Dzire0Tour0LDi,Maruti,2015,"2,20,000","1,29,0000kms",Diesel
Nissan0X0Trail0Select0Variant,Nissan,2019,"12,00,000",3000kms,Diesel
Maruti0Suzuki0Alto08000Vxi,Maruti,2015,"2,30,000","5,0000kms",Petrol
Ford0Ikon01.30CLXi0NXt0Finesse,Ford,2001,"45,000","65,0000kms",Petrol
Toyota0Fortuner03.004x40MT,Toyota,2010,"9,40,000","1,31,0000kms",Diesel
Tata0Manza0ELAN0Quadrajet,Tata,2010,"1,55,555","1,11,1110kms",Petrol
Tata0zest0x,Tata,odel,"3,20,000",,
Mahindra0xyl,Mahindra,20bs,"3,50,000",,
Mercedes0Benz0A0Class0A01800Sport0Petrol,Mercedes,2013,"15,00,000","14,0000kms",Petrol
Chevrolet0Beat0LS0Diesel,Chevrolet,2016,"2,10,000","22,0000kms",Diesel
Ford0EcoSport0Trend01.5L0TDCi,Ford,2013,"4,95,000","38,0000kms",Diesel
Tata0Indigo0LS,Tata,2016,"1,25,000","70,0000kms",Diesel
Hyundai0i200Magna01.2,Hyundai,2010,"1,95,000","36,0000kms",Petrol
Volkswagen0Vento0Highline0Plus01.50Diesel0AT,Volkswagen,2015,"5,50,000","34,0000kms",Diesel
Renault0Kwid0RXT,Renault,2015,"2,70,000","43,0000kms",Petrol
Used0Commercial0Maruti0Omn,Used,arry,"1,50,000",,
Ford0EcoSport0Titanium01.5L0TDCi,Ford,2014,"5,00,000","40,0000kms",Diesel
Honda0Amaze01.50E0i0DTEC,Honda,2016,"2,40,000","1,60,0000kms",Diesel
Hyundai0Verna01.60EX0VTVT,Hyundai,2017,"8,00,000","12,0000kms",Petrol
BMW050Series0520d0Sedan,BMW,2011,"12,99,000","49,0000kms",Diesel
Skoda0Superb01.80TFSI0AT,Skoda,2011,"5,30,000","68,0000kms",Petrol
Audi0Q302.00TDI0quattro0Premium,Audi,2013,"14,99,000","37,0000kms",Diesel
Mahindra0Bolero0DI0BSII,Mahindra,2012,"2,20,000","59,4660kms",Diesel
Maruti0Suzuki0Zen0Estilo0LXI0Green0CNG,Maruti,2011,Ask0For0Price,"16,0000kms",Petrol
Mahindra0Scorpio0S10,Mahindra,2015,"9,00,000","97,2000kms",Diesel
Ford0Figo0Duratorq0Diesel0Titanium01.4,Ford,2012,"2,50,000","99,0000kms",Diesel
Maruti0Suzuki0Wagon0R0VXI0BS0IV,Maruti,2018,"3,95,000","25,5000kms",Petrol
Mahindra0Logan0Diesel01.50DLS,Mahindra,2009,"1,30,000","66,0000kms",Petrol
Tata0Nano0GenX0XMA,Tata,2010,"32,000","44,0050kms",Petrol
Mahindra0TUV3000T40Plus,Mahindra,2016,"5,40,000","35,0000kms",Diesel
Mahindra0TUV3000T40Plus,Mahindra,2016,"5,40,000","35,0000kms",Diesel
Hyundai0Elite0i200Magna01.2,Hyundai,2015,"4,05,000","28,0000kms",Petrol
Hyundai0Elite0i200Magna01.2,Hyundai,2015,"4,00,000","30,0000kms",Petrol
Honda0City0SV,Honda,2017,"7,60,000","4,0000kms",Petrol
Maruti0Suzuki0Baleno0Delta01.2,Maruti,2016,"5,00,000","28,0000kms",Petrol
Ford0Figo0Petrol0LXI,Ford,2011,"1,75,000","75,0000kms",Petrol
Mahindra0Scorpio0S10,Mahindra,2015,"9,00,000","97,2000kms",Diesel
Honda0City,Honda,2017,"7,50,000","3,0000kms",Petrol
Hyundai0Elite0i200Magna01.2,Hyundai,2015,"4,19,000","20,0000kms",Petrol
Maruti0Suzuki0Versa0DX2080SEATER0BSIII,Maruti,2004,"90,000","50,0000kms",Petrol
Hyundai0Eon0Era0Plus,Hyundai,2018,"1,40,000","2,1100kms",Petrol
Mitsubishi0Pajero0Sport0Limited0Edition,Mitsubishi,2015,"15,40,000","43,2220kms",Petrol
Hyundai0i100Magna01.20Kappa2,Hyundai,2008,"2,75,000","1,00,2000kms",Petrol
Toyota0Corolla0H2,Toyota,2003,"1,50,000","1,00,0000kms",Petrol
Maruti0Suzuki0Swift0Dzire0Tour0VXi,Maruti,2011,"2,30,000",650kms,Petrol
Tata0Indigo0CS0eLS0BS0IV,Tata,2015,"1,23,000","1,00,0000kms",Diesel
Mahindra0Scorpio0S10,Mahindra,2015,"9,00,000","97,2000kms",Diesel
Mahindra0Scorpio0S10,Mahindra,2015,"9,00,000","97,2000kms",Diesel
Hyundai0Xcent0Base01.10CRDi,Hyundai,2016,"3,00,000","1,40,0000kms",Diesel
Honda0City,Honda,2015,"4,99,999","55,0000kms",Petrol
Hyundai0Accent0Executive0Edition,Hyundai,2009,"1,65,000","48,0000kms",Petrol
Maruti0Suzuki0Baleno0Delta01.2,Maruti,2016,"4,98,000","22,0000kms",Petrol
Tata0Zest0XE0750PS0Diesel,Tata,2018,"4,80,000","1,03,5530kms",Diesel
Maruti0Suzuki0Dzire0LDI,Maruti,2017,"4,88,000","80,0000kms",Diesel
Tata0Sumo0Gold0LX0BS0IV,Tata,2014,"2,50,000","99,0000kms",Diesel
Toyota0Corolla0Altis0GL0Petrol,Toyota,2010,"2,20,000","58,0000kms",Petrol
Maruti0Suzuki0Eeco070STR,Maruti,2013,"2,90,000","70,0000kms",LPG
Toyota0Fortuner03.004x20MT,Toyota,2015,"15,25,000","1,20,0000kms",Diesel
Mahindra0XUV5000W6,Mahindra,2013,"5,48,900","49,8000kms",Diesel
Tata0Tigor0Revotron0XZ,Tata,2019,"6,50,000",1000kms,Diesel
Maruti0Suzuki0800,Maruti,2001,"55,000","81,8760kms",Petrol
Maruti0Suzuki0Ertiga0Vxi,Maruti,2015,"5,50,000","75,0000kms",Petrol
Maruti0Suzuki0Versa0DX2080SEATER0BSIII,Maruti,2004,"90,000","50,0000kms",Petrol
Honda0Mobilio0S0i0DTEC,Honda,2014,"3,99,000","44,0000kms",Diesel
Maruti0Suzuki0Ertiga,Maruti,2016,"7,30,000","55,0000kms",Diesel
Maruti0Suzuki0Vitara0Brezza,Maruti,2017,"7,25,000","36,0000kms",Diesel
Hyundai0Verna01.60CRDI0E,Hyundai,2016,"1,95,000","56,0000kms",Diesel
Maruti0Suzuki0Swift0VXI0BSIII,Maruti,2007,"1,30,000","62,0000kms",Petrol
Toyota0Fortuner03.004x20MT,Toyota,2015,"15,25,000","1,20,0000kms",Diesel
Maruti0Suzuki0Omni0Select0Variant,Maruti,2014,"1,90,000","6,0200kms",Petrol
Honda0Amaze,Honda,2013,"2,50,000","55,7000kms",Diesel
Tata0Indica,Tata,2005,"80,000","42,0000kms",Petrol
Hyundai0Santro0Xing,Hyundai,2003,"1,20,000","50,0000kms",Petrol
Maruti0Suzuki0Zen0Estilo,Maruti,2010,"1,49,000","35,0000kms",Petrol
Maruti0Suzuki0Wagon0R0LXI0BS0IV,Maruti,2014,"2,50,000","18,5000kms",Petrol
Maruti0Suzuki0Wagon0R,Maruti,2007,"1,20,000","7,0000kms",Petrol
Honda0Brio0VX0AT,Honda,2017,"4,50,000","11,0000kms",Petrol
Hyundai0Xcent0Base01.10CRDi,Hyundai,2015,Ask0For0Price,"1,80,0000kms",Diesel
Maruti0Suzuki0Zen0LXi0BSII,Maruti,2003,"99,999","53,0000kms",Petrol
Maruti0Suzuki0Zen0Estilo0LXI0Green0CNG,Maruti,2008,"1,35,000","23,0000kms",Petrol
Maruti0Suzuki0Wagon0R0Select0Variant,Maruti,2016,"2,25,000","35,5000kms",Diesel
Maruti0Suzuki0Alto0LXi0BS0III,Maruti,2010,"99,000","22,1340kms",Petrol
Renault0Kwid0RXT,Renault,2019,"3,70,000","1,0000kms",Petrol
Tata0Nano0Lx0BSIV,Tata,2010,"52,000","9,0000kms",Petrol
Jaguar0XE0XE0Portfolio,Jaguar,2016,"28,00,000","8,5000kms",Petrol
Hyundai0Xcent0S01.2,Hyundai,2015,Ask0For0Price,"35,0000kms",Petrol
Hyundai0Eon0Magna0Plus,Hyundai,2014,"1,90,000","35,0000kms",Petrol
Honda0City01.50S0MT,Honda,2014,"4,99,000","22,0000kms",Petrol
Hindustan0Motors0Ambassador,Hindustan,2002,"90,000","25,0000kms",Diesel
Maruti0Suzuki0Ritz0GENUS0VXI,Maruti,2010,"1,49,000","40,0000kms",Petrol
Hyundai0Grand0i100Magna0AT01.20Kappa0VTVT,Hyundai,2017,"4,00,000","20,0000kms",Petrol
Hyundai0Eon0D0Lite0Plus,Hyundai,2016,"1,20,000","87,0000kms",Petrol
Maruti0Suzuki0Swift0Dzire0VXi01.20BS0IV,Maruti,2015,"2,50,000","55,0000kms",Petrol
Maruti0Suzuki0Wagon0R0VXI0BS0IV,Maruti,2017,"3,75,000","23,0000kms",Petrol
Honda0Amaze01.20VX0i0VTEC,Honda,2014,"3,81,000","6,0000kms",Petrol
Maruti0Suzuki0Estilo0VXi0ABS0BS0IV,Maruti,2013,"1,80,000","65,0000kms",Petrol
Maruti0Suzuki0Vitara0Brezza0LDi0O,Maruti,2016,"5,80,000","25,0000kms",Diesel
Maruti0Suzuki0Eeco050STR0WITH0AC0HTR,Maruti,2015,"2,78,000","39,0000kms",Petrol
Toyota0Innova02.00V,Toyota,2009,Ask0For0Price,"15,5740kms",Diesel
Hyundai0Creta01.60SX0Plus0Petrol0AT,Hyundai,2016,"10,00,000","8,0000kms",Petrol
Mahindra0Scorpio0Vlx0BSIV,Mahindra,2013,"6,90,000","75,0000kms",Diesel
Maruti0Suzuki0Ertiga0VDi,Maruti,2012,"4,80,000","51,0000kms",Diesel
Mitsubishi0Lancer01.80LXi,Mitsubishi,2006,"85,000","50,0000kms",Petrol
Maruti0Suzuki0Maruti08000AC,Maruti,2001,"40,000","75,0000kms",Petrol
Maruti0Suzuki0Alto08000LXI0CNG0O,Maruti,2015,"90,000","55,8000kms",Petrol
Hyundai0Grand0i100Magna01.20Kappa0VTVT,Hyundai,2015,"3,40,000","53,0000kms",Petrol
Hyundai0Eon0D0Lite0Plus,Hyundai,2018,"2,60,000","25,0000kms",Petrol
Ford0Fiesta0SXi01.60ABS,Ford,2009,"2,50,000","56,4000kms",Petrol
Maruti0Suzuki0Ritz0VDi,Maruti,2010,"1,80,000","72,1600kms",Diesel
Hyundai0Verna0Fluidic0New,Hyundai,2012,"3,50,000","10,0000kms",Diesel
Maruti0Suzuki0Wagon0R0LXi0BS0III,Maruti,2006,"90,001","48,0000kms",Petrol
Maruti0Suzuki0Estilo0LX0BS0IV,Maruti,2007,"1,15,000","36,0000kms",Petrol
Audi0A602.00TDI0Premium,Audi,2012,"15,99,000","11,5000kms",Diesel
Maruti0Suzuki0Wagon0R0LXi0BS0III,Maruti,2003,"1,30,000","1,33,0000kms",Petrol
Maruti0Suzuki0Wagon0R,Maruti,2009,"1,59,000","27,0000kms",Petrol
Maruti0Suzuki0Wagon0R,Maruti,2009,"1,60,000","35,0000kms",Petrol
Maruti0Suzuki0Alto,Maruti,2010,"1,10,000","55,0000kms",Petrol
Maruti0Suzuki0Baleno0Sigma01.2,Maruti,2016,"4,25,000","40,0000kms",Petrol
Hyundai0Verna01.60SX0VTVT0AT,Hyundai,2019,"9,00,000","2,0000kms",Petrol
Maruti0Suzuki0Swift0GLAM,Maruti,2009,"1,50,000","45,0000kms",Petrol
Hyundai0Getz0Prime01.30GVS,Hyundai,2009,"1,10,000","20,0000kms",Petrol
Hyundai0Santro,Hyundai,2000,"51,999","88,0000kms",Petrol
Hyundai0Getz0Prime01.30GLX,Hyundai,2009,"1,15,000","20,0000kms",Petrol
Chevrolet0Beat0PS0Diesel,Chevrolet,2012,"2,15,000","65,4220kms",Diesel
Ford0EcoSport0Trend01.50Ti0VCT,Ford,2017,"5,80,000","10,0000kms",Petrol
Maruti0Suzuki0Dzire0ZXI,Maruti,2013,"3,80,000","35,0000kms",Petrol
Hyundai0Fluidic0Verna01.60CRDi0SX,Hyundai,2013,"3,50,000","1,17,0000kms",Diesel
Tata0Indica0V20DLG,Tata,2005,"35,000","1,50,0000kms",Diesel
BMW0X10xDrive20d0xLine,BMW,2011,"11,50,000","72,0000kms",Diesel
Hyundai0i200Asta01.2,Hyundai,2010,"3,00,000","10,7500kms",Petrol
Honda0City01.50V0AT,Honda,2009,"2,69,000","55,0000kms",Petrol
Tata0Nano,Tata,2013,"60,000","6,8000kms",Petrol
Chevrolet0Cruze0LTZ0AT,Chevrolet,2014,"4,00,000","41,0000kms",Diesel
Hyundai0Verna0Fluidic0New,Hyundai,2015,"4,30,000","73,0000kms",Diesel
Hyun,Hyundai,Eon,Ask0For0Price,,
Maruti0Suzuki0Swift0Dzire0VDi,Maruti,2011,"1,40,000","65,0000kms",Diesel
Mahindra0XUV5000W6,Mahindra,2014,"85,00,003","45,0000kms",Diesel
Mahindra0XUV5000W10,Mahindra,2018,"12,99,000","40,0000kms",Diesel
Maruti0Suzuki0Alto0K100LXi0CNG,Maruti,2014,"1,99,000","37,0000kms",Petrol
Hyundai0Accent0GLE,Hyundai,2006,"90,000","55,0000kms",Petrol
Force0Motors0One0SUV,Force,2013,"5,50,000","1,40,0000kms",Diesel
Datsun0Go0Plus0T0O,Datsun,2016,Ask0For0Price,50kms,Petrol
Maruti0Suzuki0Alto,Maruti,2019,"2,65,000","9,8000kms",Petrol
Chevrolet0Spark01.00LT,Chevrolet,2011,"1,00,000","27,0000kms",Petrol
Hyundai0i10,Hyundai,2009,"2,15,000","27,0000kms",Petrol
Toyota0Etios0Liva0GD,Toyota,2012,"3,80,000","20,0000kms",Diesel
Renault0Duster085PS0Diesel0RxL0Optional0with0Nav,Renault,2013,"4,01,919","57,9230kms",Diesel
Chevrolet0Enjoy,Chevrolet,2014,"4,90,000","30,2010kms",Diesel
Maruti0Suzuki0Alto08000Lxi,Maruti,2017,"2,80,000","6,2000kms",Petrol
BMW050Series0530i,BMW,2009,"6,50,000","37,5180kms",Petrol
Toyota0Etios0Liva0G,Toyota,2014,"1,60,000","24,6520kms",Petrol
Mahindra0Jeep0MM05500XDB,Mahindra,2004,"4,24,000",3830kms,Diesel
Chevrolet0Beat0LS0Diesel,Chevrolet,2016,"2,25,000","95,0000kms",Diesel
Chevrolet0Cruze0LTZ,Chevrolet,2011,"3,50,000","35,0000kms",Diesel
Jeep0Wrangler0Unlimited04x40Diesel,Jeep,2015,"9,50,000","3,5280kms",Diesel
Maruti0Suzuki0Ertiga0VDi,Maruti,2013,"4,85,000","52,5000kms",Diesel
Hyundai0Verna0VGT0CRDi0SX0ABS,Hyundai,2010,"2,05,000","47,9000kms",Diesel
Maruti0Suzuki0Omni,Maruti,2012,"1,60,000","14,0000kms",Petrol
Maruti0Suzuki0Celerio0VDi,Maruti,2018,"3,10,000","37,0000kms",Petrol
Tata0Zest0Quadrajet01.3,Tata,2017,"1,80,000","90,0000kms",Diesel
Mahindra0XUV5000W6,Mahindra,2013,"5,49,900","52,8000kms",Diesel
Tata0Indigo0CS0eLX0BS0IV,Tata,2016,"1,50,000","1,04,0000kms",Diesel
Hyundai0i100Era,Hyundai,2011,"1,75,000","30,0000kms",Petrol
Tata0Indigo0eCS0LX0TDI0BS0III,Tata,2014,"95,000","1,95,0000kms",Diesel
Tata0Indigo0LX0TDI0BS0III,Tata,2016,"2,30,000","1,04,0000kms",Diesel
Tata0Indigo0eCS0LX0CR40BS0IV,Tata,2016,"2,30,000","1,04,0000kms",Diesel
Tata0Indigo0Marina0LS,Tata,2004,"1,80,000","70,0000kms",Diesel
Commercial0Chevrolet0Sail0Hatchback0ca,Commercial,o...,"2,25,000",,
Hyundai0Xcent0SX01.2,Hyundai,2015,"4,00,000","43,0000kms",Diesel
Hyundai0Eon0Magna0Plus,Hyundai,2013,"1,85,000","23,0000kms",Petrol
Renault0Duster0850PS0RxL0Diesel,Renault,2015,"3,85,000","51,0000kms",Diesel
Maruti0Suzuki0Alto0K100LXi0CNG,Maruti,2009,"90,000","62,0000kms",Petrol
Tata0Nano0LX0Special0Edition,Tata,2010,"32,000","48,0080kms",Petrol
Commercial0Car0Ta,Commercial,Zest,"3,71,500",,
Renault0Duster01100PS0RxZ0Diesel,Renault,2013,"4,35,000","39,0000kms",Diesel
Maruti0Suzuki0Wagon0R0AX0BSIV,Maruti,2010,"2,25,000","40,0000kms",Petrol
Maruti0Suzuki0Swift,Maruti,2006,"1,89,700","48,2470kms",Petrol
Maruti0Suzuki0Ertiga,Maruti,2012,"3,89,700","39,0000kms",Diesel
Maruti0Suzuki0Swift0VXi01.20ABS0BS0IV,Maruti,2014,"3,65,000","23,0000kms",Petrol
Maruti0Suzuki0Alto0K100New,Maruti,2017,"3,60,000","9,4000kms",Petrol
Hyundai0i200Magna,Hyundai,2010,"2,10,000","50,0000kms",Petrol
Hyundai0i100Magna01.2,Hyundai,2009,"1,70,000","75,0000kms",Petrol
tata0Indica,tata,sale,"1,30,000",,
Tata0Zest0XE0750PS0Diesel,Tata,2017,"3,80,000","70,0000kms",Diesel
Mahindra0Xylo0E8,Mahindra,2009,"2,95,000","64,0000kms",Diesel
Toyota0Corolla0Altis0GL0Petrol,Toyota,2010,"1,85,000","55,0000kms",Petrol
Tata0Manza0Aqua0Quadrajet,Tata,2014,"1,60,000","2,00,0000kms",Diesel
Mahindra0KUV1000K80D060STR,Mahindra,2018,Ask0For0Price,"7,5000kms",Diesel
Used0bt0new0conditions0ta,Used,Zest,"2,55,000",,
Renault0Kwid01.0,Renault,2018,"2,90,000","2,1370kms",Petrol
Sale0tata,Sale,ture,"1,00,000",,
Tata0Venture0EX080STR,Tata,2013,"1,00,000","30,0000kms",Diesel
Maruti0Suzuki0Swift0Dzire0Tour0LXi,Maruti,2014,"3,15,000","44,0000kms",Petrol
Maruti0Suzuki0Alto0LX0BSII,Maruti,2002,Ask0For0Price,"56,0000kms",Petrol
Skoda0Octavia0Classic01.90TDI0MT,Skoda,2006,"1,14,990","65,0000kms",Diesel
Maruti0Suzuki0Omni0LPG0BS0IV,Maruti,2012,"1,20,000","1,60,0000kms",LPG
Chevrolet0Beat0Diesel,Chevrolet,2011,"1,25,000","56,0000kms",Diesel
Tata0Sumo0Gold0EX0BS0IV,Tata,2012,"2,10,000","75,0000kms",Diesel
Tata0indigo020170top0model..,Tata,emi,"1,70,000",,
Hyundai0Verna01.60CRDI0SX,Hyundai,2018,"8,55,000","42,0000kms",Diesel
Tata0Sumo0Gold0EX0BS0IV,Tata,2012,"2,10,000","75,0000kms",Diesel
Mahindra0Scorpio02.60CRDe,Mahindra,2007,"2,60,000","56,0000kms",Diesel
Maruti0Suzuki0Zen0LXi0BS0III,Maruti,2002,"95,000","10,5440kms",Petrol
Maruti0Suzuki0Swift0Dzire0VXi01.20BS0IV,Maruti,2011,"2,55,000","64,0000kms",Petrol
Mahindra0Scorpio0SLX02.60Turbo080Str,Mahindra,2008,"3,00,000","70,0000kms",Diesel
Hyundai0Grand0i100Sportz01.20Kappa0VTVT,Hyundai,2014,"3,40,000","25,0000kms",Petrol
Hyundai0Elite0i200Sportz01.2,Hyundai,2017,"5,50,000","15,0000kms",Petrol
Ford0Ikon01.60Nxt,Ford,2003,"60,000","50,0000kms",Petrol
Hyundai0Elite0i200Sportz01.2,Hyundai,2015,Ask0For0Price,"49,5000kms",Petrol
Tata0indigo,Tata,car,"1,50,000",,
Toyota0Innova02.50V070STR,Toyota,2011,"7,50,000","1,47,0000kms",Diesel
Nissan0Sunny0XL,Nissan,2011,"2,30,000","52,0000kms",Petrol
Chevrolet0Beat0LT0Diesel,Chevrolet,2012,"1,30,000","90,0010kms",Diesel
Maruti0Suzuki0Alto08000Lxi,Maruti,2017,"2,70,000","21,0000kms",Petrol
Maruti0Suzuki0Swift0VDi0BS0IV,Maruti,2012,"2,80,000","48,0060kms",Diesel
Maruti0Suzuki0Swift0VDi0BS0IV,Maruti,2012,"2,80,000","48,0060kms",Diesel
Maruti0Suzuki0Swift,Maruti,2012,"2,80,000","48,0060kms",Diesel
very0good0condition0tata0bolts0are0av,very,able,"2,00,000",,
Toyota0Innova02.00G4,Toyota,2012,"6,00,000","80,0000kms",Diesel
Sale0Hyundai0xcent0commerc,Sale,no.,Ask0For0Price,,
Maruti0Suzuki0Swift0VDi0ABS,Maruti,2010,"1,90,000","74,0000kms",Diesel
Hyundai0Elite0i200Asta01.2,Hyundai,2015,"5,00,000","22,0000kms",Petrol
Mahindra0XUV5000W10,Mahindra,2016,"10,65,000","41,0000kms",Diesel
Volkswagen0Polo0Trendline01.5L0D,Volkswagen,2015,"3,50,000","25,0000kms",Diesel
Toyota0Etios0Liva0Diesel,Toyota,2012,"3,50,000","85,0000kms",Diesel
Mahindra0TUV3000T40Plus,Mahindra,2016,"5,40,000","29,5000kms",Diesel
Hyundai0Elite0i200Asta01.2,Hyundai,2015,"4,70,000","30,0000kms",Petrol
Hyundai0Santro0Xing0GLS,Hyundai,2014,"1,79,000","57,0000kms",Petrol
Maruti0Suzuki0Zen0LXi0BS0III,Maruti,2003,"48,000","60,0000kms",Petrol
Maruti0Suzuki0Ciaz0ZXi0Plus0RS,Maruti,2016,"6,50,000","50,0000kms",Petrol
Hyundai0Eon0Era0Plus,Hyundai,2013,"1,90,000","39,7000kms",Petrol
Hyundai0Elantra01.80S,Hyundai,2012,"5,00,000","65,0000kms",Petrol
Maruti0Suzuki0Swift0VDi,Maruti,2010,"2,70,000","67,0000kms",Diesel
Maruti0Suzuki0Zen0Estilo0LXI0Green0CNG,Maruti,2008,"1,25,000","46,0000kms",Petrol
Hyundai0Eon0Era0Plus,Hyundai,2012,"1,88,000","38,0000kms",Petrol
Hyundai0Grand0i100Magna01.20Kappa0VTVT,Hyundai,2016,"3,80,000","27,0000kms",Petrol
Hyundai0Verna0Fluidic0New,Hyundai,2011,"3,65,000","43,0000kms",Diesel
Ford0EcoSport0Trend01.5L0Ti0VCT,Ford,2014,"4,65,000","47,0000kms",Petrol
Hyundai0i200Magna,Hyundai,2011,"2,40,000","42,0000kms",Petrol
Chevrolet0Beat0Diesel,Chevrolet,2016,"1,79,999","19,3360kms",Diesel
Tata0Indica0eV20LS,Tata,2015,"1,40,000","60,1050kms",Diesel
Jaguar0XF02.20Diesel0Luxury,Jaguar,2013,"21,90,000","29,0000kms",Diesel
Audi0Q502.00TDI0quattro0Premium0Plus,Audi,2014,"23,90,000","34,0000kms",Diesel
BMW030Series0320d0Sedan,BMW,2011,"10,75,000","35,0000kms",Diesel
Maruti0Suzuki0Swift0ZXi01.20BS0IV,Maruti,2015,"4,75,000","22,0000kms",Petrol
BMW0X10sDrive20d,BMW,2012,"10,25,000","41,0000kms",Diesel
Maruti0Suzuki0S0Cross0Sigma01.3,Maruti,2016,"6,15,000","21,0000kms",Diesel
Maruti0Suzuki0Ertiga0LDi,Maruti,2013,"4,75,000","48,0000kms",Diesel
Maruti0Suzuki0Alto0K100VXi0AMT,Maruti,2016,"2,70,000","38,0000kms",Petrol
Honda0City0SV,Honda,2014,"4,75,000","34,0000kms",Diesel
Volkswagen0Vento0Comfortline0Petrol,Volkswagen,2011,"2,40,000","45,9330kms",Petrol
Honda0City01.50EXi0New,Honda,2005,"1,20,000","68,0000kms",Petrol
Audi0A402.00TDI0177bhp0Premium,Audi,2016,"19,00,000","44,0000kms",Diesel
Mahindra0KUV100,Mahindra,2017,"3,60,000","35,0000kms",Diesel
Tata0Zest0XE0750PS0Diesel,Tata,2018,"4,50,000","1,02,5630kms",Diesel
Mahindra0XUV5000W8,Mahindra,2015,"9,00,000","28,6000kms",Diesel
Maruti0Suzuki0Swift0Dzire0Tour0VDi,Maruti,2017,"6,50,000","41,8000kms",Diesel
Tata0Sumo0Gold0LX0BS0IV,Tata,2014,"2,75,000","1,16,0000kms",Diesel
Maruti0Suzuki0Swift0Dzire0VXi01.20BS0IV,Maruti,2009,"2,10,000","59,0000kms",Petrol
Mahindra0Scorpio02.60SLX,Mahindra,2004,"1,75,000","58,0000kms",Diesel
Maruti0Suzuki0Omni080STR0BS0III,Maruti,2009,"85,000","45,0000kms",Petrol
Mitsubishi0Pajero0Sport0Limited0Edition,Mitsubishi,2015,"14,90,000","42,5900kms",Diesel
Renault0Duster,Renault,2014,"8,00,000","7,4000kms",Diesel
Volkswagen0Jetta0Comfortline01.90TDI0AT,Volkswagen,2009,"4,50,000","54,5000kms",Diesel
Maruti0Suzuki0Ertiga0Vxi,Maruti,2012,"10,00,000","2,00,0000kms",Diesel
Audi0A402.00TDI0177bhp0Premium,Audi,2013,"15,10,000","27,0000kms",Diesel
Volvo0S800Summum0D4,Volvo,2015,"18,50,000","42,0000kms",Diesel
Toyota0Corolla0Altis0VL0AT0Petrol,Toyota,2014,"7,90,000","29,0000kms",Petrol
Mitsubishi0Pajero0Sport02.50AT,Mitsubishi,2015,"17,25,000","37,0000kms",Diesel
Chevrolet0Beat0LT0Petrol,Chevrolet,2012,"1,35,000","36,0000kms",Petrol
BMW0X1,BMW,2011,"10,00,000","34,0000kms",Diesel
Datsun0Redi0GO0S,Datsun,2018,"2,99,999","7,0000kms",Petrol
Mercedes0Benz0C0Class0C02200CDI0Avantgarde,Mercedes,2009,"12,25,000","76,0000kms",Diesel
Mahindra0Scorpio0SLX,Mahindra,2004,"1,75,000","60,0000kms",Diesel
Volkswagen0Vento0Comfortline0Diesel,Volkswagen,2011,"2,00,000","95,0000kms",Diesel
Tata0Indigo0CS0GLS,Tata,2017,"2,70,000","50,0000kms",Diesel
Ford0Figo0Petrol0Titanium,Ford,2019,"5,25,000",000kms,Petrol
Honda0City0ZX0GXi,Honda,2006,"1,80,000","50,0000kms",Petrol
Maruti0Suzuki0Wagon0R0Duo0Lxi,Maruti,2008,"1,40,000","68,0000kms",Petrol
Ford0EcoSport0Trend01.5L0TDCi,Ford,2014,"4,00,000","16,0000kms",Petrol
Maruti0Suzuki0Swift0Dzire0VDi,Maruti,2016,"4,99,000","51,0000kms",Diesel
Maruti0Suzuki0Omni080STR0BS0III,Maruti,2009,"85,000","56,0000kms",Petrol
Maruti0Suzuki0Zen0LX0BSII,Maruti,2004,"70,000","1,00,0000kms",Petrol
Renault0Duster0RxL0Petrol,Renault,2015,"5,50,000","36,0000kms",Petrol
Maruti0Suzuki0Swift0VXi01.20BS0IV,Maruti,2014,"3,70,000","11,5230kms",Petrol
Maruti0Suzuki0Baleno0Zeta01.2,Maruti,2018,"6,90,000","1,0000kms",Petrol
Honda0WR0V0S0MT0Petrol,Honda,2009,"2,50,000","60,0000kms",Petrol
Tata0Indigo0CS0eLX0BS0IV,Tata,2016,"1,10,000","85,0000kms",Diesel
Renault0Duster01100PS0RxL0Diesel,Renault,2013,"4,90,000","38,6000kms",Diesel
Mahindra0Scorpio0LX0BS0III,Mahindra,2009,"3,20,000","95,5000kms",Diesel
Maruti0Suzuki0Zen0LXi0BS0III,Maruti,2004,"68,000","56,0000kms",Petrol
Maruti0Suzuki0Wagon0R0LXi0BS0III,Maruti,2014,"1,30,000","37,4580kms",Petrol
Maruti0Suzuki0SX40Celebration0Diesel,Maruti,2016,"9,70,000","85,9600kms",Diesel
Audi0A30Cabriolet0400TFSI,Audi,2015,"31,00,000","12,5160kms",Petrol
Hyundai0Eon0D0Lite0Plus,Hyundai,2018,"2,80,000","35,0000kms",Petrol
Maruti0Suzuki0Zen0Estilo0LXI0Green0CNG,Maruti,2009,"1,25,000",000kms,Petrol
Mahindra0Scorpio0SLX,Mahindra,2008,"2,85,000","80,0000kms",Diesel
I0want0to0sell0my0commercial0car0due0t,I,o...,"4,75,000",,
Hyundai0Santro0AE0GLS0Audio,Hyundai,2011,"1,65,000","45,0000kms",Petrol
i0want0sale0my0car.no0emi....uber0atta,i,d...,"3,20,000",,
Maruti0Suzuki0Swift0Dzire0Tour0VDi,Maruti,2009,"2,50,000","51,0000kms",Diesel
Mahindra0Scorpio0S4,Mahindra,2015,"8,65,000","30,0000kms",Diesel
Tata0ZEST060month0old,Tata,car,"3,70,000",,
Mahindra0Xylo0D20BS0IV,Mahindra,2011,"3,90,000","48,0000kms",Diesel
Hyundai0Santro,Hyundai,2003,"60,000","51,0000kms",Petrol
Chevrolet0Beat0LT0Diesel,Chevrolet,2015,"2,15,000","90,0000kms",Diesel
Maruti0Suzuki0Swift0Dzire0VDi,Maruti,2015,"4,75,000","43,0000kms",Diesel
Mahindra0XUV5000W8,Mahindra,2015,"8,99,000","53,0000kms",Diesel
Toyota0Fortuner03.004x40MT,Toyota,2013,"14,99,000","97,0000kms",Diesel
Maruti0Suzuki0Alto0K100VXi,Maruti,2013,"2,40,000","20,0000kms",Petrol
Hyundai0Getz0GLE,Hyundai,2007,"99,000","55,0000kms",Petrol
Maruti0Suzuki0Swift0Dzire0Tour0LDi,Maruti,2014,"2,60,000","1,20,0000kms",Diesel
Hyundai0Creta01.60SX,Hyundai,2019,"12,00,000",00kms,Petrol
Hyundai0Santro0Xing0XL0AT0eRLX0Euro0III,Hyundai,2007,"1,15,000","46,0000kms",Petrol
Hyundai0Santro0Xing0XL0eRLX0Euro0III,Hyundai,2009,"88,000","43,2000kms",Petrol
Mahindra0Xylo0D20BS0IV,Mahindra,2011,"3,90,000","56,0000kms",Diesel
Hyundai0Santro0Xing0XL0eRLX0Euro0III,Hyundai,2007,"1,35,000","42,0000kms",Petrol
Tata0Indica0V20DLS0BS0III,Tata,2009,"90,000","30,6000kms",Diesel
Hyundai0i100Sportz01.2,Hyundai,2011,"2,20,000","38,0000kms",Petrol
Hyundai0Grand0i100Magna01.20Kappa0VTVT,Hyundai,2017,"4,24,999","2,5500kms",Petrol
Hyundai0Santro0Xing0XL0AT0eRLX0Euro0III,Hyundai,2007,"1,35,000","47,0000kms",Petrol
Honda0City01.50E0MT,Honda,2005,"95,000","41,0000kms",Petrol
Nissan0Micra0XL,Nissan,2017,"4,30,000","62,5000kms",Diesel
Honda0City01.50S0Inspire,Honda,2005,"1,15,000","68,0000kms",Petrol
Maruti0Suzuki0Alto08000Lxi,Maruti,2015,"2,15,000","50,0000kms",Petrol
Maruti0Suzuki0Wagon0R0LX0BS0III,Maruti,2004,"53,000","69,0000kms",Petrol
Maruti0Suzuki0Ertiga0VDi,Maruti,2012,"5,00,000","48,0000kms",Diesel
Tata0Indica0eV20eXeta0eGLX,Tata,2012,"85,000","55,0000kms",Diesel
Maruti0Suzuki0Omni0E080STR0BS0IV,Maruti,2013,"1,65,000","25,0000kms",Petrol
Hyundai0Eon0Era0Plus,Hyundai,2014,"2,00,000","28,4000kms",Petrol
Hyundai0Eon,Hyundai,2014,"2,00,000","28,0000kms",Petrol
Maruti0Suzuki0Swift0LDi,Maruti,2015,"4,25,000","42,0000kms",Diesel
MARUTI0SUZUKI0ERTIGA0F,MARUTI,SALE,"6,50,000",,
Hyundai0Verna01.60CRDI0SX0Plus0AT,Hyundai,2012,"6,00,000","29,0000kms",Diesel
Chevrolet0Tavera0LS0B30100Seats0BSII,Chevrolet,2005,"1,30,000","68,4850kms",Diesel
Tata0Tiago0Revotron0XM,Tata,2018,"4,30,000","3,5000kms",Petrol
Tata0Tiago0Revotorq0XZ,Tata,2019,"5,68,500",00kms,Petrol
Tata0Nexon,Tata,2019,Ask0For0Price,00kms,Petrol
Tata,Tata,digo,Ask0For0Price,,
Maruti0Suzuki0Zen0LXi0BS0III,Maruti,2006,"71,000","32,0000kms",Petrol
Mahindra0KUV1000K80D060STR,Mahindra,2018,"5,60,000","8,0000kms",Diesel
Ford0EcoSport0Titanium01.50TDCi,Ford,2014,"5,90,000","34,0000kms",Diesel
Hindustan0Motors0Ambassador0Classic0Mark040â€“0Befo,Hindustan,1995,"7,50,000","37,0000kms",Petrol
Ford0Fusion01.40TDCi0Diesel,Ford,2007,"1,25,000","85,4550kms",Diesel
Hyundai0Santro0Xing0XL0AT0eRLX0Euro0III,Hyundai,2007,"1,35,000","46,0000kms",Petrol
Hyundai0Santro,Hyundai,2002,"60,000","47,0000kms",Petrol
Fiat0Linea0Emotion01.40L0T0Jet0Petrol,Fiat,2009,"1,20,000","64,0000kms",Petrol
Ford0Ikon01.30Flair0Josh0100,Ford,2008,"95,000","46,0000kms",Petrol
Maruti0Suzuki0Omni0E080STR0BS0IV,Maruti,2017,"2,40,000","8,0000kms",Petrol
Tata0Indica0V20LS,Tata,2012,"1,15,000","64,0000kms",Diesel
Mahindra0Scorpio0S4,Mahindra,2015,"7,95,000","63,0000kms",Diesel
Hyundai0Santro0Xing0XL0eRLX0Euro0III,Hyundai,2007,"55,000","65,0000kms",Petrol
Mahindra0Xylo0D2,Mahindra,2009,"3,00,000","62,0000kms",Diesel
Hyundai0Grand0i100Asta01.20Kappa0VTVT,Hyundai,2014,"3,20,000","41,0000kms",Petrol
Maruti0Suzuki0Alto08000Lxi,Maruti,2015,"2,65,000","14,0000kms",Petrol
Toyota0Corolla,Toyota,2006,"1,60,000","40,0000kms",Petrol
Hyundai0Eon0Magna,Hyundai,2017,"3,00,000","1,6000kms",Petrol
Tata0Sumo0Grande0MKII0GX,Tata,2010,"1,30,000","90,0000kms",Diesel
Maruti0Suzuki0Swift0VDi,Maruti,2011,"2,50,000","58,0000kms",Diesel
Volkswagen0Polo0Highline1.2L0P,Volkswagen,2013,"3,80,000","27,0000kms",Petrol
Maruti0Suzuki0Alto08000Lx,Maruti,2003,"42,000","60,0000kms",Petrol
Tata0Tiago0Revotron0XZ,Tata,2017,"4,00,000","31,0000kms",Petrol
Maruti0Suzuki0Swift0LDi,Maruti,2009,"1,20,000","90,0000kms",Diesel
Maruti0Suzuki0Swift0VDi,Maruti,2009,"1,20,000","90,0000kms",Diesel
Tata0Indigo0eCS,Tata,2016,"1,30,000","1,50,0000kms",Diesel
Chevrolet0Beat0LS0Diesel,Chevrolet,2014,"1,89,000","31,0000kms",Diesel
20120Tata0Sumo0Gold0f,2012,sell,"2,50,000",,
Mahindra0Xylo0E80BS0IV,Mahindra,2011,"3,65,000","43,0000kms",Diesel
Hyundai0Eon0D0Lite0Plus,Hyundai,2013,"1,70,000","20,0000kms",Petrol
Well0mentained0Tata0Sumo,Well,d0Ex,"3,80,000",,
all0paper0updated0tata0indica0v20and0u,all,n...,"1,45,000",,
Maruti0Ertiga0showroom0condition0with,Maruti,e...,"4,80,000",,
70SEATER0MAHINDRA0BOLERO0IN0VERY0GOOD,7,D...,Ask0For0Price,,
90SEATER0MAHINDRA0BOL,9,",0Ac",Ask0For0Price,,
scratch0less0Tata0I,scratch,go0.,"1,40,000",,
Maruti0Suzuki0swift0dzire0for0sale0in,Maruti,d...,"3,60,000",,
Commercial0Chevrolet0beat0for0sale0in,Commercial,k...,"1,80,000",,
urgent0sell0my0Mahindra0qu,urgent,o0c4,"3,50,000",,
Tata0Sumo0Gold0FX0BSIII,Tata,2013,"2,15,000","1,00,0000kms",Petrol
sell0my0car0Maruti0Suzuki0Swif,sell,zire,"3,00,000",,
Maruti0Suzuki0Swift0Dzire0good0car0fo,Maruti,o...,"3,10,000",,
Hyunda,Hyundai,cent,Ask0For0Price,,
Commercial0Maruti0Suzuki0Alto0Lxi0800,Commercial,...,Ask0For0Price,,
urgent0sale0Ta,urgent,Sumo,"2,20,000",,
Maruti0Suzuki0Alto0vxi0t,Maruti,cab,"95,000",,
tata,tata,t0xe,Ask0For0Price,,
TATA0INDI,TATA,EV2,"1,10,000",,
Tata0Nano,Tata,2013,"60,000","7,0000kms",Petrol
Hyundai0Elite0i20,Hyundai,2017,"5,99,999","31,0000kms",Petrol
Hyundai0i100Magna01.20Kappa2,Hyundai,2009,"4,00,000","33,0000kms",Petrol
Hyundai0Creta,Hyundai,2016,"9,00,000","60,0000kms",Diesel
Volkswagen0Polo,Volkswagen,2013,"2,99,999","48,0000kms",Diesel
Maruti0Suzuki0Dzire,Maruti,2014,"3,74,999","33,0000kms",Petrol
Tata0Bolt0XM0Petrol,Tata,2015,"6,00,000","15,0000kms",Petrol
Maruti0Suzuki0Alto08000Lx,Maruti,2005,"70,000","47,0000kms",Petrol
Maruti0Suzuki0Alto,Maruti,2005,"1,00,000","40,0000kms",Petrol
Hyundai0Venue,Hyundai,2019,Ask0For0Price,"7,0000kms",Diesel
Maruti0Suzuki0Ritz,Maruti,2010,"1,50,000","38,0000kms",Diesel
Maruti0Suzuki0Alto08000Lxi,Maruti,2017,"2,25,000","12,5000kms",Petrol
Maruti0Suzuki0Dzire,Maruti,2009,"2,10,000","42,0000kms",Petrol
Renault0Lodgy,Renault,2016,Ask0For0Price,"20,0000kms",Diesel
Hyundai0i200Asta,Hyundai,2014,"4,25,000","31,0000kms",Petrol
Maruti0Suzuki0Swift0Select0Variant,Maruti,2008,"1,62,000","60,0000kms",Diesel
Tata0Indica0V20DLX0BS0III,Tata,2005,"60,000","80,0000kms",Diesel
Mahindra0Scorpio0VLX02.20mHawk0Airbag0BSIV,Mahindra,2014,"6,50,000","77,0000kms",Diesel
Toyota0Innova02.50E080STR,Toyota,2012,"7,50,000","75,0000kms",Diesel
Mahindra0Xylo0E8,Mahindra,2010,"3,75,000","40,0000kms",Diesel
Hyundai0i200Magna01.2,Hyundai,2011,"2,30,000","47,0000kms",Petrol
Maruti0Suzuki0Omni,Maruti,2000,"35,999","60,0000kms",Petrol
Mahindra0KUV100,Mahindra,2016,"3,80,000","26,5000kms",Petrol
Mahindra0KUV1000K8060STR,Mahindra,2019,"5,60,000","2,8750kms",Petrol
Datsun0Go0Plus,Datsun,2016,"2,85,000","13,9000kms",Petrol
Ford0Endeavor04x40Thunder0Plus,Ford,2019,"29,00,000","9,0000kms",Diesel
Tata0Indica0V2,Tata,2005,"39,999","80,0000kms",Diesel
Hyundai0Santro0Xing0GL,Hyundai,2006,"85,000","60,0000kms",Petrol
Maruti0Suzuki0Wagon0R01.00VXi,Maruti,2016,"3,95,000","20,0000kms",Petrol
Maruti0Suzuki0Swift0Select0Variant,Maruti,2008,"1,75,000","58,0000kms",Diesel
Maruti0Suzuki0Alto08000Lx,Maruti,2019,"4,00,000","1,5000kms",Petrol
Toyota0Innova02.50Z0Diesel070Seater,Toyota,2011,"7,50,000","75,0000kms",Diesel
Any0type0car0avaiabel0hare...comercica,Any,r...,"1,70,000",,
Maruti0Suzuki0Alto0800,Maruti,2016,"2,50,000","2,4500kms",Petrol
Maruti0Suzuki0Alto0AX,Maruti,2019,"4,25,000","1,6250kms",Petrol
Maruti0Suzuki0Alto08000Lx,Maruti,2019,Ask0For0Price,"1,5000kms",Petrol
Volkswagen0Polo0Highline1.2L0P,Volkswagen,2017,"5,25,000","45,0000kms",Petrol
Mahindra0Logan,Mahindra,2009,"1,30,000","65,0000kms",Diesel
Maruti0Suzuki08000Std0BS0III,Maruti,2000,"30,000","33,4000kms",Petrol
Mahindra0Scorpio,Mahindra,2011,"4,75,000","60,1230kms",Diesel
Chevrolet0Sail01.20LS,Chevrolet,2013,"3,00,000","28,0000kms",Petrol
Volkswagen0Vento0Highline0Plus01.50Diesel,Volkswagen,2015,Ask0For0Price,"38,9000kms",Diesel
Hyundai0Santro0AE0GLS0Audio,Hyundai,2003,"60,000","70,0000kms",Petrol
Maruti0Suzuki0Wagon0R0VXi0Minor,Maruti,2006,"1,00,000","7,0000kms",Petrol
Hyundai0Eon,Hyundai,2018,"2,60,000","25,0000kms",Petrol
Tata0Manza,Tata,2015,"1,00,000","1,00,0000kms",Diesel
Toyota0Innova02.00G10Petrol08seater,Toyota,2019,Ask0For0Price,"4,0000kms",Petrol
Toyota0Etios0G,Toyota,2013,"2,65,000","42,0000kms",Petrol
Hyundai0Getz0Prime01.30GLX,Hyundai,2009,"1,15,000","20,0000kms",Petrol
Toyota0Qualis,Toyota,2003,"1,80,000","1,00,0000kms",Diesel
Hyundai0Santro0Xing,Hyundai,2004,"45,000","1,37,4950kms",Petrol
Tata0Indica0eV20LS,Tata,2016,"50,500","91,2000kms",Diesel
Honda0City01.50S0MT,Honda,2009,"2,70,000","55,0000kms",Petrol
Tata0Zest0XE0750PS0Diesel,Tata,2017,"2,90,000","1,20,0000kms",Diesel
Mahindra0Quanto0C4,Mahindra,2013,"3,25,000","63,0000kms",Diesel
Tata0Indigo0eCS0LX0CR40BS0IV,Tata,2016,"1,60,000","1,04,0000kms",Diesel
Maruti0Suzuki0Swift0Dzire,Maruti,2016,"3,50,000","1,46,0000kms",Diesel
Hyundai0Elite0i20,Hyundai,2011,"2,90,000","40,0000kms",Petrol
Hyundai0i200Select0Variant,Hyundai,2011,"2,90,000","40,0000kms",Petrol
Chevrolet0Tavera0Neo,Chevrolet,2007,"4,65,000","1,00,8000kms",Diesel
Maruti0Suzuki0Dzire,Maruti,2016,"3,25,000","1,50,0000kms",Diesel
Hyundai0Elite0i20,Hyundai,2018,"5,10,000","2,1000kms",Petrol
Honda0City0VX0Petrol,Honda,2016,"8,60,000","95,0000kms",Petrol
Maruti0Suzuki0Dzire,Maruti,2016,"4,50,000","2,5000kms",Diesel
Hyundai0Getz,Hyundai,2006,"1,25,000","80,0000kms",Petrol
Mercedes0Benz0C0Class02000K0MT,Mercedes,2006,"5,00,001","15,0000kms",Petrol
Maruti0Suzuki0Alto0LXi0BS0III,Maruti,2005,"95,000","65,0000kms",Petrol
Maruti0Suzuki0Swift0Dzire0Tour0VDi,Maruti,2009,"2,50,000","51,0000kms",Diesel
Skoda0Fabia,Skoda,2009,"1,10,000","45,0000kms",Petrol
Maruti0Suzuki0Alto08000Select0Variant,Maruti,2015,Ask0For0Price,"70,0000kms",Petrol
Maruti0Suzuki0Ritz0VXI0ABS,Maruti,2011,"2,70,000","50,0000kms",Petrol
tata0zest020170f,tata,sale,"4,50,000",,
Tata0Indica0V20DLE0BS0III,Tata,2009,"1,10,000","30,0000kms",Diesel
Toyota0Corolla0Altis,Toyota,2009,"3,00,000","1,32,0000kms",Petrol
Ta,Tara,zest,"3,10,000",,
Tata0Zest0XM0Diesel,Tata,2018,"2,60,000","27,0000kms",Diesel
Mahindra0Quanto0C8,Mahindra,2013,"3,90,000","40,0000kms",Diesel
Honda0Amaze01.20E0i0VTEC,Honda,2014,"1,80,000",Petrol,
Chevrolet0Sail01.20LT0ABS,Chevrolet,2014,"1,60,000",Petrol,
